{
    "train_loss": [
        0.016449241159374652,
        0.014323987895248138,
        0.0004705014865207886,
        5.616190295359047e-05,
        7.756110982109021e-05,
        3.51551174311453e-05,
        1.844724998863967e-05,
        1.2593527928856929e-05,
        7.716293002431484e-06,
        2.5376527396943516e-05,
        2.178257961296026e-05,
        4.189845874776665e-06,
        3.5754589579966024e-06,
        3.007070727916172e-06,
        9.09809625587954e-06,
        2.680279011165965e-06,
        1.7509560818194102e-06,
        1.6630975806446458e-06,
        1.3390381055344846e-06,
        1.6788804398952806e-06,
        1.6306074717764573e-06
    ],
    "val_loss": [
        0.00036468532390346,
        0.0014995556240527158,
        0.00046172614176814223,
        0.00031247613774140184,
        0.0005673604440426783,
        0.00032987785480073065,
        0.0001983225590503848,
        0.00010626312031118932,
        0.00012471683962776153,
        0.0002745150666701842,
        6.101363260899999e-05,
        7.622495196880577e-05,
        2.1700155450219875e-05,
        1.8020097179884494e-05,
        4.954327510161543e-05,
        8.078279672591158e-05,
        0.00011096409725308741,
        4.552616393952453e-05,
        3.93627428244999e-05,
        5.6902166836237715e-05,
        3.9293356908030675e-05
    ],
    "val_accuracy": [
        1.0,
        1.0,
        1.0,
        1.0,
        1.0,
        1.0,
        1.0,
        1.0,
        1.0,
        1.0,
        1.0,
        1.0,
        1.0,
        1.0,
        1.0,
        1.0,
        1.0,
        1.0,
        1.0,
        1.0,
        1.0
    ],
    "val_sensitivity": [
        1.0,
        1.0,
        1.0,
        1.0,
        1.0,
        1.0,
        1.0,
        1.0,
        1.0,
        1.0,
        1.0,
        1.0,
        1.0,
        1.0,
        1.0,
        1.0,
        1.0,
        1.0,
        1.0,
        1.0,
        1.0
    ],
    "val_specificity": [
        1.0,
        1.0,
        1.0,
        1.0,
        1.0,
        1.0,
        1.0,
        1.0,
        1.0,
        1.0,
        1.0,
        1.0,
        1.0,
        1.0,
        1.0,
        1.0,
        1.0,
        1.0,
        1.0,
        1.0,
        1.0
    ]
}