{
    "train_loss": [
        0.0205393089545978,
        0.003333354639682511,
        0.00015227066905481478,
        9.925465260766941e-05,
        1.7683246424060902e-05,
        0.01823794399301831,
        0.008908428473030654,
        0.0013042315107929122,
        0.005094112175097204,
        0.000579417750935742,
        0.0014880888449530782,
        0.001136594167041494
    ],
    "val_loss": [
        0.1916595926171446,
        0.00150366111416646,
        4.2034967327466844e-05,
        5.838259747504447e-05,
        3.274068189313689e-05,
        0.006758001736245128,
        0.003908451940042915,
        0.000844133799835453,
        0.004796547660338005,
        0.0004977373826143757,
        0.003035018354249258,
        0.0002136604594124463
    ],
    "val_accuracy": [
        0.9553333333333334,
        0.999,
        1.0,
        1.0,
        1.0,
        0.998,
        0.999,
        0.9993333333333333,
        0.9983333333333333,
        0.9996666666666667,
        0.999,
        1.0
    ],
    "val_sensitivity": [
        0.9333333333333333,
        0.9985074626865672,
        1.0,
        1.0,
        1.0,
        0.9970149253731343,
        0.9985074626865672,
        0.9990049751243781,
        0.9975124378109452,
        0.9995024875621891,
        0.9985074626865672,
        1.0
    ],
    "val_specificity": [
        1.0,
        1.0,
        1.0,
        1.0,
        1.0,
        1.0,
        1.0,
        1.0,
        1.0,
        1.0,
        1.0,
        1.0
    ]
}