{
    "train_loss": [
        5.371898976489901,
        0.19065699136257172,
        0.11593956201896072,
        0.1174104633834213,
        0.1062139377524145,
        0.08067588226217777,
        0.08211671290104278,
        0.08743989612988662,
        0.06549620555271395,
        0.0749746146636462,
        0.08281757897837087,
        0.07922477820618633,
        0.08580981608992443,
        0.0703287475508987,
        0.07418066032391471,
        0.07876331505400594,
        0.08919609714224498,
        0.08016147639130941,
        0.06808412769346614,
        0.07693610876745516,
        0.07620702044662563,
        0.11598359187661662,
        0.07087105859921791
    ],
    "val_loss": [
        0.19689748702304705,
        0.6036465361950889,
        0.17950998432934284,
        0.08699277602136135,
        0.1066376565112954,
        0.34853555723315194,
        0.11453507440016857,
        0.5808973809083303,
        0.03769143873692623,
        2.351380601761833,
        0.7572727677604508,
        0.24396177730153476,
        0.9054936870696053,
        0.08361572616212513,
        0.22877032284639656,
        0.018388070840580716,
        0.047893337072945005,
        0.05231053463279432,
        15.242361129276336,
        0.18584156087204715,
        0.07458876100870493,
        0.04553038582733799,
        0.03901752944160988
    ],
    "val_accuracy": [
        0.9325,
        0.7935,
        0.9235,
        0.9695,
        0.9545,
        0.8495,
        0.9585,
        0.8495,
        0.9875,
        0.6635,
        0.756,
        0.929,
        0.829,
        0.9655,
        0.917,
        0.994,
        0.9775,
        0.9795,
        0.523,
        0.9585,
        0.974,
        0.9875,
        0.988
    ],
    "val_sensitivity": [
        0.8714574898785425,
        0.9807692307692307,
        0.847165991902834,
        0.951417004048583,
        0.9504048582995951,
        0.9979757085020243,
        0.9979757085020243,
        0.6953441295546559,
        0.992914979757085,
        1.0,
        1.0,
        0.8562753036437247,
        0.9989878542510121,
        0.9969635627530364,
        1.0,
        0.9959514170040485,
        0.9625506072874493,
        0.958502024291498,
        1.0,
        0.9868421052631579,
        0.9979757085020243,
        0.9848178137651822,
        0.9767206477732794
    ],
    "val_specificity": [
        0.9920948616600791,
        0.6106719367588933,
        0.9980237154150198,
        0.9871541501976284,
        0.958498023715415,
        0.7045454545454546,
        0.9199604743083004,
        1.0,
        0.9822134387351779,
        0.3349802371541502,
        0.5177865612648221,
        1.0,
        0.6630434782608695,
        0.9347826086956522,
        0.8359683794466403,
        0.9920948616600791,
        0.9920948616600791,
        1.0,
        0.05731225296442688,
        0.9308300395256917,
        0.950592885375494,
        0.9901185770750988,
        0.9990118577075099
    ]
}