{
    "train_loss": [
        1.2725523482574532,
        0.10537611672240459,
        0.03269400981750462,
        0.017646378137136196,
        0.024213548823806084,
        0.018492059082967433,
        0.020226525964717298,
        0.028586833672013985,
        0.1207447783304075,
        0.06016749022337698,
        0.029997142095273988,
        0.02022275396721542,
        0.07423201756194436,
        0.040038528623621256
    ],
    "val_loss": [
        0.19094359629365426,
        0.058099218779821236,
        0.021589249660200028,
        0.017790463687749013,
        0.027690182593918894,
        0.029614544187297184,
        0.005634779310631447,
        0.027431712908942217,
        1.1430855602970273,
        0.051973262974090585,
        0.026603821027674352,
        0.013378661296470968,
        0.04741134615691261,
        0.011986387178178702
    ],
    "val_accuracy": [
        0.9876666666666667,
        0.9903333333333333,
        0.9966666666666667,
        0.9973333333333333,
        0.9953333333333333,
        0.996,
        0.9986666666666667,
        0.9966666666666667,
        0.9246666666666666,
        0.9936666666666667,
        0.9953333333333333,
        0.9976666666666667,
        0.9956666666666667,
        0.9976666666666667
    ],
    "val_sensitivity": [
        0.982089552238806,
        0.9960199004975124,
        0.9950248756218906,
        0.9960199004975124,
        0.9980099502487563,
        0.9940298507462687,
        0.9980099502487563,
        0.9950248756218906,
        0.8875621890547264,
        0.9955223880597015,
        0.9970149253731343,
        0.9970149253731343,
        0.9955223880597015,
        0.9995024875621891
    ],
    "val_specificity": [
        0.998989898989899,
        0.9787878787878788,
        1.0,
        1.0,
        0.98989898989899,
        1.0,
        1.0,
        1.0,
        1.0,
        0.98989898989899,
        0.9919191919191919,
        0.998989898989899,
        0.9959595959595959,
        0.9939393939393939
    ]
}