{
    "train_loss": [
        0.024180518752342322,
        0.005005623643643048,
        0.000558219857435688,
        0.011860695902593761,
        0.0005596879048439405,
        0.00016997611083115771,
        0.0008430279775936924,
        0.0013423165722163332,
        0.005099804880877571,
        0.0018188740195878381,
        0.0015929224312183124,
        0.00035498483405126536,
        2.694054307460192e-05,
        2.432045332705002e-05,
        2.087480783779938e-05,
        9.629143166250743e-06,
        8.934723979564297e-06,
        9.050469716754605e-06,
        0.0005437768815075117,
        0.010084201555798245
    ],
    "val_loss": [
        0.0017036814148331547,
        0.0008092670853091563,
        0.00015428839171024251,
        0.0009728710062792367,
        0.0008255833554150581,
        0.00011793746298804214,
        0.0028195546793984335,
        0.00013026589215044061,
        0.00042183797683849534,
        0.0002314483558277985,
        0.00011995887845322224,
        1.823238865235619e-05,
        1.4227542907166127e-05,
        3.122298593307422e-05,
        3.995251865800374e-05,
        0.00012066235641820337,
        7.751708446380328e-05,
        0.00014098665145584598,
        0.032387138390136204,
        0.0015089291231387982
    ],
    "val_accuracy": [
        0.999,
        0.9995,
        1.0,
        0.9995,
        0.9995,
        1.0,
        0.9985,
        1.0,
        1.0,
        1.0,
        1.0,
        1.0,
        1.0,
        1.0,
        1.0,
        1.0,
        1.0,
        1.0,
        0.99,
        0.999
    ],
    "val_sensitivity": [
        1.0,
        1.0,
        1.0,
        1.0,
        1.0,
        1.0,
        1.0,
        1.0,
        1.0,
        1.0,
        1.0,
        1.0,
        1.0,
        1.0,
        1.0,
        1.0,
        1.0,
        1.0,
        1.0,
        1.0
    ],
    "val_specificity": [
        0.9979570990806946,
        0.9989785495403473,
        1.0,
        0.9989785495403473,
        0.9989785495403473,
        1.0,
        0.9969356486210419,
        1.0,
        1.0,
        1.0,
        1.0,
        1.0,
        1.0,
        1.0,
        1.0,
        1.0,
        1.0,
        1.0,
        0.9795709908069459,
        0.9979570990806946
    ]
}