{
    "train_loss": [
        0.01681828403258502,
        0.005479597103446091,
        0.0008336195323624149,
        0.007015890844282694,
        0.0011569228382492535,
        0.0011870011558742892,
        0.0021517564083054974,
        0.0020408528719626324,
        0.0013589198216805017,
        1.1714360122444608e-05,
        8.265853387797506e-06,
        7.005203835224923e-06,
        5.988486681114106e-06,
        2.111214867492587e-06,
        0.000287014377113889,
        0.00638828945787058,
        0.0011513274747286743,
        0.0006632287882400429,
        0.0004942100815472396,
        2.658603771010585e-05,
        1.5119475448012546e-05,
        7.188537855116195e-06,
        4.224837602906817e-06,
        5.278312709505665e-06,
        1.2093044642546383e-06,
        5.652471320747309e-07,
        8.234012579719045e-07,
        8.305933070011188e-07,
        3.539017206861672e-07,
        2.5107776186258e-07
    ],
    "val_loss": [
        0.001436840531049653,
        0.00030414990337921484,
        0.0013432242707037713,
        7.34016095842638e-05,
        0.0006275459764330609,
        9.30640619206078e-06,
        0.0001544452911297959,
        0.0010766002261027839,
        4.0287225386205524e-05,
        2.3870353962463662e-05,
        2.1339531886489588e-05,
        1.7338595466043216e-05,
        3.542698414910416e-06,
        6.612829817235423e-06,
        7.681808180198221e-07,
        0.0005002309622783963,
        7.6420149096571e-05,
        0.0006118941109919656,
        3.002129570329819e-06,
        4.463252789562981e-06,
        1.8564589088670152e-06,
        4.806253391280996e-07,
        4.5266413976512715e-07,
        3.4946067538078204e-07,
        3.960952484822944e-07,
        2.6148543724381193e-07,
        1.8690575126135534e-07,
        9.474262586282365e-08,
        1.2665716742786047e-07,
        8.755653450019633e-08
    ],
    "val_accuracy": [
        1.0,
        1.0,
        0.9996666666666667,
        1.0,
        0.9996666666666667,
        1.0,
        1.0,
        0.9993333333333333,
        1.0,
        1.0,
        1.0,
        1.0,
        1.0,
        1.0,
        1.0,
        0.9996666666666667,
        1.0,
        0.9996666666666667,
        1.0,
        1.0,
        1.0,
        1.0,
        1.0,
        1.0,
        1.0,
        1.0,
        1.0,
        1.0,
        1.0,
        1.0
    ],
    "val_sensitivity": [
        1.0,
        1.0,
        1.0,
        1.0,
        0.9995024875621891,
        1.0,
        1.0,
        0.9990049751243781,
        1.0,
        1.0,
        1.0,
        1.0,
        1.0,
        1.0,
        1.0,
        0.9995024875621891,
        1.0,
        0.9995024875621891,
        1.0,
        1.0,
        1.0,
        1.0,
        1.0,
        1.0,
        1.0,
        1.0,
        1.0,
        1.0,
        1.0,
        1.0
    ],
    "val_specificity": [
        1.0,
        1.0,
        0.998989898989899,
        1.0,
        1.0,
        1.0,
        1.0,
        1.0,
        1.0,
        1.0,
        1.0,
        1.0,
        1.0,
        1.0,
        1.0,
        1.0,
        1.0,
        1.0,
        1.0,
        1.0,
        1.0,
        1.0,
        1.0,
        1.0,
        1.0,
        1.0,
        1.0,
        1.0,
        1.0,
        1.0
    ]
}